Pool Name,sampleId,Index1 Name,Index1 sequence,Index2 Name,Index2 sequence,miseqN,samN,library
TSITS,neg_1,SA501,ATCGTACG,SA701,CGAGAGTT,IL16566,001,IL16566-001
TSITS,TLM08_622_L,SA501,ATCGTACG,SA702,GACATAGT,IL16566,002,IL16566-002
TSITS,TLM16_622_L,SA501,ATCGTACG,SA703,ACGCTACT,IL16566,003,IL16566-003
TSITS,TLC01_622_L,SA501,ATCGTACG,SA704,ACTCACTG,IL16566,004,IL16566-004
TSITS,TLB01_622_L,SA501,ATCGTACG,SA705,TGAGTACG,IL16566,005,IL16566-005
TSITS,TLA04_622_L,SA501,ATCGTACG,SA706,CTGCGTAG,IL16566,006,IL16566-006
TSITS,TLMBP_622_L,SA501,ATCGTACG,SA707,TAGTCTCC,IL16566,007,IL16566-007
TSITS,TLM09_622_B,SA501,ATCGTACG,SA708,CGAGCGAC,IL16566,008,IL16566-008
TSITS,TLMG5_622_B,SA501,ATCGTACG,SA709,ACTACGAC,IL16566,009,IL16566-009
TSITS,TLC02_622_B,SA501,ATCGTACG,SA710,GTCTGCTA,IL16566,010,IL16566-010
TSITS,TLA01_622_B,SA501,ATCGTACG,SA711,GTCTATGA,IL16566,011,IL16566-011
TSITS,TLY02_622_B,SA501,ATCGTACG,SA712,TATAGCGA,IL16566,012,IL16566-012
TSITS,TLM01_622_L,SA502,ACTATCTG,SA701,CGAGAGTT,IL16566,013,IL16566-013
TSITS,TLM09_622_L,SA502,ACTATCTG,SA702,GACATAGT,IL16566,014,IL16566-014
TSITS,TLMG5_622_L,SA502,ACTATCTG,SA703,ACGCTACT,IL16566,015,IL16566-015
TSITS,TLCG1_622_L,SA502,ACTATCTG,SA704,ACTCACTG,IL16566,016,IL16566-016
TSITS,TLB02_622_L,SA502,ACTATCTG,SA705,TGAGTACG,IL16566,017,IL16566-017
TSITS,TLA05_622_L,SA502,ACTATCTG,SA706,CTGCGTAG,IL16566,018,IL16566-018
TSITS,TLM01_622_B,SA502,ACTATCTG,SA707,TAGTCTCC,IL16566,019,IL16566-019
TSITS,TLM11_622_B,SA502,ACTATCTG,SA708,CGAGCGAC,IL16566,020,IL16566-020
TSITS,TLM17_622_B,SA502,ACTATCTG,SA709,ACTACGAC,IL16566,021,IL16566-021
TSITS,TLC03_622_B,SA502,ACTATCTG,SA710,GTCTGCTA,IL16566,022,IL16566-022
TSITS,TLA02_622_B,SA502,ACTATCTG,SA711,GTCTATGA,IL16566,023,IL16566-023
TSITS,TLX01_622_B,SA502,ACTATCTG,SA712,TATAGCGA,IL16566,024,IL16566-024
TSITS,TLM02_622_L,SA503,TAGCGAGT,SA701,CGAGAGTT,IL16566,025,IL16566-025
TSITS,TLM11_622_L,SA503,TAGCGAGT,SA702,GACATAGT,IL16566,026,IL16566-026
TSITS,TLM17_622_L,SA503,TAGCGAGT,SA703,ACGCTACT,IL16566,027,IL16566-027
TSITS,TLC02_622_L,SA503,TAGCGAGT,SA704,ACTCACTG,IL16566,028,IL16566-028
TSITS,TLZ01_622_L,SA503,TAGCGAGT,SA705,TGAGTACG,IL16566,029,IL16566-029
TSITS,TLA07_622_L,SA503,TAGCGAGT,SA706,CTGCGTAG,IL16566,030,IL16566-030
TSITS,TLM02_622_B,SA503,TAGCGAGT,SA707,TAGTCTCC,IL16566,031,IL16566-031
TSITS,TLM10_622_B,SA503,TAGCGAGT,SA708,CGAGCGAC,IL16566,032,IL16566-032
TSITS,TLM18_622_B,SA503,TAGCGAGT,SA709,ACTACGAC,IL16566,033,IL16566-033
TSITS,TLC04_622_B,SA503,TAGCGAGT,SA710,GTCTGCTA,IL16566,034,IL16566-034
TSITS,TLA03_622_B,SA503,TAGCGAGT,SA711,GTCTATGA,IL16566,035,IL16566-035
TSITS,TLX02_622_B,SA503,TAGCGAGT,SA712,TATAGCGA,IL16566,036,IL16566-036
TSITS,TLM03_622_L,SA504,CTGCGTGT,SA701,CGAGAGTT,IL16566,037,IL16566-037
TSITS,TLM10_622_L,SA504,CTGCGTGT,SA702,GACATAGT,IL16566,038,IL16566-038
TSITS,TLM18_622_L,SA504,CTGCGTGT,SA703,ACGCTACT,IL16566,039,IL16566-039
TSITS,TLC03_622_L,SA504,CTGCGTGT,SA704,ACTCACTG,IL16566,040,IL16566-040
TSITS,TLZ02_622_L,SA504,CTGCGTGT,SA705,TGAGTACG,IL16566,041,IL16566-041
TSITS,TLA08_622_L,SA504,CTGCGTGT,SA706,CTGCGTAG,IL16566,042,IL16566-042
TSITS,TLM03_622_B,SA504,CTGCGTGT,SA707,TAGTCTCC,IL16566,043,IL16566-043
TSITS,TLM12_622_B,SA504,CTGCGTGT,SA708,CGAGCGAC,IL16566,044,IL16566-044
TSITS,TLM19_622_B,SA504,CTGCGTGT,SA709,ACTACGAC,IL16566,045,IL16566-045
TSITS,TLC06_622_B,SA504,CTGCGTGT,SA710,GTCTGCTA,IL16566,046,IL16566-046
TSITS,TLA04_622_B,SA504,CTGCGTGT,SA711,GTCTATGA,IL16566,047,IL16566-047
TSITS,TLM01_622_S,SA504,CTGCGTGT,SA712,TATAGCGA,IL16566,048,IL16566-048
TSITS,TLM04_622_L,SA505,TCATCGAG,SA701,CGAGAGTT,IL16566,049,IL16566-049
TSITS,TLM12_622_L,SA505,TCATCGAG,SA702,GACATAGT,IL16566,050,IL16566-050
TSITS,TLM19_622_L,SA505,TCATCGAG,SA703,ACGCTACT,IL16566,051,IL16566-051
TSITS,TLC04_622_L,SA505,TCATCGAG,SA704,ACTCACTG,IL16566,052,IL16566-052
TSITS,TLZ03_622_L,SA505,TCATCGAG,SA705,TGAGTACG,IL16566,053,IL16566-053
TSITS,TLY01_622_L,SA505,TCATCGAG,SA706,CTGCGTAG,IL16566,054,IL16566-054
TSITS,TLM04_622_B,SA505,TCATCGAG,SA707,TAGTCTCC,IL16566,055,IL16566-055
TSITS,TLM13_622_B,SA505,TCATCGAG,SA708,CGAGCGAC,IL16566,056,IL16566-056
TSITS,TLM20_622_B,SA505,TCATCGAG,SA709,ACTACGAC,IL16566,057,IL16566-057
TSITS,TLB01_622_B,SA505,TCATCGAG,SA710,GTCTGCTA,IL16566,058,IL16566-058
TSITS,TLA05_622_B,SA505,TCATCGAG,SA711,GTCTATGA,IL16566,059,IL16566-059
TSITS,TLM02_622_S,SA505,TCATCGAG,SA712,TATAGCGA,IL16566,060,IL16566-060
TSITS,TLM05_622_L,SA506,CGTGAGTG,SA701,CGAGAGTT,IL16566,061,IL16566-061
TSITS,TLM13_622_L,SA506,CGTGAGTG,SA702,GACATAGT,IL16566,062,IL16566-062
TSITS,TLM20_622_L,SA506,CGTGAGTG,SA703,ACGCTACT,IL16566,063,IL16566-063
TSITS,TLC05_622_L,SA506,CGTGAGTG,SA704,ACTCACTG,IL16566,064,IL16566-064
TSITS,TLA01_622_L,SA506,CGTGAGTG,SA705,TGAGTACG,IL16566,065,IL16566-065
TSITS,TLY02_622_L,SA506,CGTGAGTG,SA706,CTGCGTAG,IL16566,066,IL16566-066
TSITS,TLM06_622_B,SA506,CGTGAGTG,SA707,TAGTCTCC,IL16566,067,IL16566-067
TSITS,TLM14_622_B,SA506,CGTGAGTG,SA708,CGAGCGAC,IL16566,068,IL16566-068
TSITS,TLM21_622_B,SA506,CGTGAGTG,SA709,ACTACGAC,IL16566,069,IL16566-069
TSITS,TLB02_622_B,SA506,CGTGAGTG,SA710,GTCTGCTA,IL16566,070,IL16566-070
TSITS,TLA07_622_B,SA506,CGTGAGTG,SA711,GTCTATGA,IL16566,071,IL16566-071
TSITS,TLM03_622_S,SA506,CGTGAGTG,SA712,TATAGCGA,IL16566,072,IL16566-072
TSITS,TLM06_622_L,SA507,GGATATCT,SA701,CGAGAGTT,IL16566,073,IL16566-073
TSITS,TLM14_622_L,SA507,GGATATCT,SA702,GACATAGT,IL16566,074,IL16566-074
TSITS,TLM21_622_L,SA507,GGATATCT,SA703,ACGCTACT,IL16566,075,IL16566-075
TSITS,TLC06_622_L,SA507,GGATATCT,SA704,ACTCACTG,IL16566,076,IL16566-076
TSITS,TLA02_622_L,SA507,GGATATCT,SA705,TGAGTACG,IL16566,077,IL16566-077
TSITS,TLX01_622_L,SA507,GGATATCT,SA706,CTGCGTAG,IL16566,078,IL16566-078
TSITS,TLM07_622_B,SA507,GGATATCT,SA707,TAGTCTCC,IL16566,079,IL16566-079
TSITS,TLM15_622_B,SA507,GGATATCT,SA708,CGAGCGAC,IL16566,080,IL16566-080
TSITS,TLM22_622_B,SA507,GGATATCT,SA709,ACTACGAC,IL16566,081,IL16566-081
TSITS,TLZ01_622_B,SA507,GGATATCT,SA710,GTCTGCTA,IL16566,082,IL16566-082
TSITS,TLA08_622_B,SA507,GGATATCT,SA711,GTCTATGA,IL16566,083,IL16566-083
TSITS,TLM04_622_S,SA507,GGATATCT,SA712,TATAGCGA,IL16566,084,IL16566-084
TSITS,TLM07_622_L,SA508,GACACCGT,SA701,CGAGAGTT,IL16566,085,IL16566-085
TSITS,TLM15_622_L,SA508,GACACCGT,SA702,GACATAGT,IL16566,086,IL16566-086
TSITS,TLM22_622_L,SA508,GACACCGT,SA703,ACGCTACT,IL16566,087,IL16566-087
TSITS,TLC07_622_L,SA508,GACACCGT,SA704,ACTCACTG,IL16566,088,IL16566-088
TSITS,TLA03_622_L,SA508,GACACCGT,SA705,TGAGTACG,IL16566,089,IL16566-089
TSITS,TLX02_622_L,SA508,GACACCGT,SA706,CTGCGTAG,IL16566,090,IL16566-090
TSITS,TLM08_622_B,SA508,GACACCGT,SA707,TAGTCTCC,IL16566,091,IL16566-091
TSITS,TLM16_622_B,SA508,GACACCGT,SA708,CGAGCGAC,IL16566,092,IL16566-092
TSITS,TLC01_622_B,SA508,GACACCGT,SA709,ACTACGAC,IL16566,093,IL16566-093
TSITS,TLZ03_622_B,SA508,GACACCGT,SA710,GTCTGCTA,IL16566,094,IL16566-094
TSITS,TLY01_622_B,SA508,GACACCGT,SA711,GTCTATGA,IL16566,095,IL16566-095
TSITS,TLM05_622_S,SA508,GACACCGT,SA712,TATAGCGA,IL16566,096,IL16566-096
TSITS,neg_2,SB501,CTACTATA,SB701,CTCGACTT,IL16566,097,IL16566-097
TSITS,TLM13_622_S,SB501,CTACTATA,SB702,CGAAGTAT,IL16566,098,IL16566-098
TSITS,TLM20_622_S,SB501,CTACTATA,SB703,TAGCAGCT,IL16566,099,IL16566-099
TSITS,TLC05_622_S,SB501,CTACTATA,SB704,TCTCTATG,IL16566,100,IL16566-100
TSITS,TLA01_622_S,SB501,CTACTATA,SB705,GATCTACG,IL16566,101,IL16566-101
TSITS,TLY02_622_S,SB501,CTACTATA,SB706,GTAACGAG,IL16566,102,IL16566-102
TSITS,TLM16_822_L,SB501,CTACTATA,SB707,ACGTGCGC,IL16566,103,IL16566-103
TSITS,TLM19_822_B,SB501,CTACTATA,SB708,ATAGTACC,IL16566,104,IL16566-104
TSITS,TLM01_322_L,SB501,CTACTATA,SB709,GCGTATAC,IL16566,105,IL16566-105
TSITS,TLC01_322_B,SB501,CTACTATA,SB710,TGCTCGTA,IL16566,106,IL16566-106
TSITS,TLM06_322_S,SB501,CTACTATA,SB711,AACGCTGA,IL16566,107,IL16566-107
TSITS,TLM06_622_S,SB502,CGTTACTA,SB701,CTCGACTT,IL16566,108,IL16566-108
TSITS,TLM14_622_S,SB502,CGTTACTA,SB702,CGAAGTAT,IL16566,109,IL16566-109
TSITS,TLM21_622_S,SB502,CGTTACTA,SB703,TAGCAGCT,IL16566,110,IL16566-110
TSITS,TLC06_622_S,SB502,CGTTACTA,SB704,TCTCTATG,IL16566,111,IL16566-111
TSITS,TLA02_622_S,SB502,CGTTACTA,SB705,GATCTACG,IL16566,112,IL16566-112
TSITS,TLX01_622_S,SB502,CGTTACTA,SB706,GTAACGAG,IL16566,113,IL16566-113
TSITS,TLM19_822_L,SB502,CGTTACTA,SB707,ACGTGCGC,IL16566,114,IL16566-114
TSITS,TLM01_822_S,SB502,CGTTACTA,SB708,ATAGTACC,IL16566,115,IL16566-115
TSITS,TLC01_322_L,SB502,CGTTACTA,SB709,GCGTATAC,IL16566,116,IL16566-116
TSITS,TLM06_322_B,SB502,CGTTACTA,SB710,TGCTCGTA,IL16566,117,IL16566-117
TSITS,TLM10_322_S,SB502,CGTTACTA,SB711,AACGCTGA,IL16566,118,IL16566-118
TSITS,TLM07_622_S,SB503,AGAGTCAC,SB701,CTCGACTT,IL16566,119,IL16566-119
TSITS,TLM15_622_S,SB503,AGAGTCAC,SB702,CGAAGTAT,IL16566,120,IL16566-120
TSITS,TLM22_622_S,SB503,AGAGTCAC,SB703,TAGCAGCT,IL16566,121,IL16566-121
TSITS,TLC07_622_S,SB503,AGAGTCAC,SB704,TCTCTATG,IL16566,122,IL16566-122
TSITS,TLA03_622_S,SB503,AGAGTCAC,SB705,GATCTACG,IL16566,123,IL16566-123
TSITS,TLX02_622_S,SB503,AGAGTCAC,SB706,GTAACGAG,IL16566,124,IL16566-124
TSITS,TLM01_822_B,SB503,AGAGTCAC,SB707,ACGTGCGC,IL16566,125,IL16566-125
TSITS,TLC01_822_S,SB503,AGAGTCAC,SB708,ATAGTACC,IL16566,126,IL16566-126
TSITS,TLM06_322_L,SB503,AGAGTCAC,SB709,GCGTATAC,IL16566,127,IL16566-127
TSITS,TLM10_322_B,SB503,AGAGTCAC,SB710,TGCTCGTA,IL16566,128,IL16566-128
TSITS,TLA01_322_S,SB503,AGAGTCAC,SB711,AACGCTGA,IL16566,129,IL16566-129
TSITS,TLM08_622_S,SB504,TACGAGAC,SB701,CTCGACTT,IL16566,130,IL16566-130
TSITS,TLM16_622_S,SB504,TACGAGAC,SB702,CGAAGTAT,IL16566,131,IL16566-131
TSITS,TLC01_622_S,SB504,TACGAGAC,SB703,TAGCAGCT,IL16566,132,IL16566-132
TSITS,TLB01_622_S,SB504,TACGAGAC,SB704,TCTCTATG,IL16566,133,IL16566-133
TSITS,TLA04_622_S,SB504,TACGAGAC,SB705,GATCTACG,IL16566,134,IL16566-134
TSITS,TLM01_822_L,SB504,TACGAGAC,SB706,GTAACGAG,IL16566,135,IL16566-135
TSITS,TLC01_822_B,SB504,TACGAGAC,SB707,ACGTGCGC,IL16566,136,IL16566-136
TSITS,TLM06_822_S,SB504,TACGAGAC,SB708,ATAGTACC,IL16566,137,IL16566-137
TSITS,TLM10_322_L,SB504,TACGAGAC,SB709,GCGTATAC,IL16566,138,IL16566-138
TSITS,TLA01_322_B,SB504,TACGAGAC,SB710,TGCTCGTA,IL16566,139,IL16566-139
TSITS,TLM16_322_S,SB504,TACGAGAC,SB711,AACGCTGA,IL16566,140,IL16566-140
TSITS,TLM09_622_S,SB505,ACGTCTCG,SB701,CTCGACTT,IL16566,141,IL16566-141
TSITS,TLMG5_622_S,SB505,ACGTCTCG,SB702,CGAAGTAT,IL16566,142,IL16566-142
TSITS,TLCG1_622_S,SB505,ACGTCTCG,SB703,TAGCAGCT,IL16566,143,IL16566-143
TSITS,TLB02_622_S,SB505,ACGTCTCG,SB704,TCTCTATG,IL16566,144,IL16566-144
TSITS,TLA05_622_S,SB505,ACGTCTCG,SB705,GATCTACG,IL16566,145,IL16566-145
TSITS,TLC01_822_L,SB505,ACGTCTCG,SB706,GTAACGAG,IL16566,146,IL16566-146
TSITS,TLM06_822_B,SB505,ACGTCTCG,SB707,ACGTGCGC,IL16566,147,IL16566-147
TSITS,TLM10_822_S,SB505,ACGTCTCG,SB708,ATAGTACC,IL16566,148,IL16566-148
TSITS,TLA01_322_L,SB505,ACGTCTCG,SB709,GCGTATAC,IL16566,149,IL16566-149
TSITS,TLM16_322_B,SB505,ACGTCTCG,SB710,TGCTCGTA,IL16566,150,IL16566-150
TSITS,TLM19_322_S,SB505,ACGTCTCG,SB711,AACGCTGA,IL16566,151,IL16566-151
TSITS,TLM11_622_S,SB506,TCGACGAG,SB701,CTCGACTT,IL16566,152,IL16566-152
TSITS,TLM17_622_S,SB506,TCGACGAG,SB702,CGAAGTAT,IL16566,153,IL16566-153
TSITS,TLC02_622_S,SB506,TCGACGAG,SB703,TAGCAGCT,IL16566,154,IL16566-154
TSITS,TLZ01_622_S,SB506,TCGACGAG,SB704,TCTCTATG,IL16566,155,IL16566-155
TSITS,TLA07_622_S,SB506,TCGACGAG,SB705,GATCTACG,IL16566,156,IL16566-156
TSITS,TLM06_822_L,SB506,TCGACGAG,SB706,GTAACGAG,IL16566,157,IL16566-157
TSITS,TLM10_822_B,SB506,TCGACGAG,SB707,ACGTGCGC,IL16566,158,IL16566-158
TSITS,TLA01_822_S,SB506,TCGACGAG,SB708,ATAGTACC,IL16566,159,IL16566-159
TSITS,TLM16_322_L,SB506,TCGACGAG,SB709,GCGTATAC,IL16566,160,IL16566-160
TSITS,TLM19_322_B,SB506,TCGACGAG,SB710,TGCTCGTA,IL16566,161,IL16566-161
TSITS,TLM10_622_S,SB507,GATCGTGT,SB701,CTCGACTT,IL16566,162,IL16566-162
TSITS,TLM18_622_S,SB507,GATCGTGT,SB702,CGAAGTAT,IL16566,163,IL16566-163
TSITS,TLC03_622_S,SB507,GATCGTGT,SB703,TAGCAGCT,IL16566,164,IL16566-164
TSITS,TLZ02_622_S,SB507,GATCGTGT,SB704,TCTCTATG,IL16566,165,IL16566-165
TSITS,TLA08_622_S,SB507,GATCGTGT,SB705,GATCTACG,IL16566,166,IL16566-166
TSITS,TLM10_822_L,SB507,GATCGTGT,SB706,GTAACGAG,IL16566,167,IL16566-167
TSITS,TLA01_822_B,SB507,GATCGTGT,SB707,ACGTGCGC,IL16566,168,IL16566-168
TSITS,TLM16_822_S,SB507,GATCGTGT,SB708,ATAGTACC,IL16566,169,IL16566-169
TSITS,TLM19_322_L,SB507,GATCGTGT,SB709,GCGTATAC,IL16566,170,IL16566-170
TSITS,TLM01_322_S,SB507,GATCGTGT,SB710,TGCTCGTA,IL16566,171,IL16566-171
TSITS,TLM12_622_S,SB508,GTCAGATA,SB701,CTCGACTT,IL16566,172,IL16566-172
TSITS,TLM19_622_S,SB508,GTCAGATA,SB702,CGAAGTAT,IL16566,173,IL16566-173
TSITS,TLC04_622_S,SB508,GTCAGATA,SB703,TAGCAGCT,IL16566,174,IL16566-174
TSITS,TLZ03_622_S,SB508,GTCAGATA,SB704,TCTCTATG,IL16566,175,IL16566-175
TSITS,TLY01_622_S,SB508,GTCAGATA,SB705,GATCTACG,IL16566,176,IL16566-176
TSITS,TLA01_822_L,SB508,GTCAGATA,SB706,GTAACGAG,IL16566,177,IL16566-177
TSITS,TLM16_822_B,SB508,GTCAGATA,SB707,ACGTGCGC,IL16566,178,IL16566-178
TSITS,TLM19_822_S,SB508,GTCAGATA,SB708,ATAGTACC,IL16566,179,IL16566-179
TSITS,TLM01_322_B,SB508,GTCAGATA,SB709,GCGTATAC,IL16566,180,IL16566-180
TSITS,TLC01_322_S,SB508,GTCAGATA,SB710,TGCTCGTA,IL16566,181,IL16566-181
LTM001,neg_1,SA501,ATCGTACG,SA701,CGAGAGTT,IL16568,001,IL16568-001
LTM001,WHM01_322_L,SA501,ATCGTACG,SA702,GACATAGT,IL16568,002,IL16568-002
LTM001,PRB01_822_L,SA501,ATCGTACG,SA703,ACGCTACT,IL16568,003,IL16568-003
LTM001,WHM03_822_L,SA501,ATCGTACG,SA704,ACTCACTG,IL16568,004,IL16568-004
LTM001,TLM10_123_L,SA501,ATCGTACG,SA705,TGAGTACG,IL16568,005,IL16568-005
LTM001,PRM15_123_L,SA501,ATCGTACG,SA706,CTGCGTAG,IL16568,006,IL16568-006
LTM001,WHM10_123_L,SA501,ATCGTACG,SA707,TAGTCTCC,IL16568,007,IL16568-007
LTM001,PRM19_523_L,SA501,ATCGTACG,SA708,CGAGCGAC,IL16568,008,IL16568-008
LTM001,PRM01_322_B,SA501,ATCGTACG,SA709,ACTACGAC,IL16568,009,IL16568-009
LTM001,WHB01_322_B,SA501,ATCGTACG,SA710,GTCTGCTA,IL16568,010,IL16568-010
LTM001,PRA01_822_B,SA501,ATCGTACG,SA711,GTCTATGA,IL16568,011,IL16568-011
LTM001,TLM10_123_B,SA501,ATCGTACG,SA712,TATAGCGA,IL16568,012,IL16568-012
LTM001,PRM01_322_L,SA502,ACTATCTG,SA701,CGAGAGTT,IL16568,013,IL16568-013
LTM001,WHB01_322_L,SA502,ACTATCTG,SA702,GACATAGT,IL16568,014,IL16568-014
LTM001,PRM06_822_L,SA502,ACTATCTG,SA703,ACGCTACT,IL16568,015,IL16568-015
LTM001,WHA02_822_L,SA502,ACTATCTG,SA704,ACTCACTG,IL16568,016,IL16568-016
LTM001,TLA01_123_L,SA502,ACTATCTG,SA705,TGAGTACG,IL16568,017,IL16568-017
LTM001,PRA01_123_L,SA502,ACTATCTG,SA706,CTGCGTAG,IL16568,018,IL16568-018
LTM001,WHM12_123_L,SA502,ACTATCTG,SA707,TAGTCTCC,IL16568,019,IL16568-019
LTM001,WHM01_523_L,SA502,ACTATCTG,SA708,CGAGCGAC,IL16568,020,IL16568-020
LTM001,PRB01_322_B,SA502,ACTATCTG,SA709,ACTACGAC,IL16568,021,IL16568-021
LTM001,WHM03_322_B,SA502,ACTATCTG,SA710,GTCTGCTA,IL16568,022,IL16568-022
LTM001,PRM19_822_B,SA502,ACTATCTG,SA711,GTCTATGA,IL16568,023,IL16568-023
LTM001,TLA01_123_B,SA502,ACTATCTG,SA712,TATAGCGA,IL16568,024,IL16568-024
LTM001,PRB01_322_L,SA503,TAGCGAGT,SA701,CGAGAGTT,IL16568,025,IL16568-025
LTM001,WHM03_322_L,SA503,TAGCGAGT,SA702,GACATAGT,IL16568,026,IL16568-026
LTM001,PRM11_822_L,SA503,TAGCGAGT,SA703,ACGCTACT,IL16568,027,IL16568-027
LTM001,WHM07_822_L,SA503,TAGCGAGT,SA704,ACTCACTG,IL16568,028,IL16568-028
LTM001,TLM16_123_L,SA503,TAGCGAGT,SA705,TGAGTACG,IL16568,029,IL16568-029
LTM001,PRM19_123_L,SA503,TAGCGAGT,SA706,CTGCGTAG,IL16568,030,IL16568-030
LTM001,PRM01_523_L,SA503,TAGCGAGT,SA707,TAGTCTCC,IL16568,031,IL16568-031
LTM001,WHB01_523_L,SA503,TAGCGAGT,SA708,CGAGCGAC,IL16568,032,IL16568-032
LTM001,PRM06_322_B,SA503,TAGCGAGT,SA709,ACTACGAC,IL16568,033,IL16568-033
LTM001,WHM07_322_B,SA503,TAGCGAGT,SA710,GTCTGCTA,IL16568,034,IL16568-034
LTM001,WHM01_822_B,SA503,TAGCGAGT,SA711,GTCTATGA,IL16568,035,IL16568-035
LTM001,TLM16_123_B,SA503,TAGCGAGT,SA712,TATAGCGA,IL16568,036,IL16568-036
LTM001,PRM06_322_L,SA504,CTGCGTGT,SA701,CGAGAGTT,IL16568,037,IL16568-037
LTM001,WHA02_322_L,SA504,CTGCGTGT,SA702,GACATAGT,IL16568,038,IL16568-038
LTM001,PRM15_822_L,SA504,CTGCGTGT,SA703,ACGCTACT,IL16568,039,IL16568-039
LTM001,WHM10_822_L,SA504,CTGCGTGT,SA704,ACTCACTG,IL16568,040,IL16568-040
LTM001,TLM19_123_L,SA504,CTGCGTGT,SA705,TGAGTACG,IL16568,041,IL16568-041
LTM001,WHM01_123_L,SA504,CTGCGTGT,SA706,CTGCGTAG,IL16568,042,IL16568-042
LTM001,PRB01_523_L,SA504,CTGCGTGT,SA707,TAGTCTCC,IL16568,043,IL16568-043
LTM001,WHM03_523_L,SA504,CTGCGTGT,SA708,CGAGCGAC,IL16568,044,IL16568-044
LTM001,PRM11_322_B,SA504,CTGCGTGT,SA709,ACTACGAC,IL16568,045,IL16568-045
LTM001,PRM01_822_B,SA504,CTGCGTGT,SA710,GTCTGCTA,IL16568,046,IL16568-046
LTM001,WHB01_822_B,SA504,CTGCGTGT,SA711,GTCTATGA,IL16568,047,IL16568-047
LTM001,TLM19_123_B,SA504,CTGCGTGT,SA712,TATAGCGA,IL16568,048,IL16568-048
LTM001,PRM11_322_L,SA505,TCATCGAG,SA701,CGAGAGTT,IL16568,049,IL16568-049
LTM001,WHM07_322_L,SA505,TCATCGAG,SA702,GACATAGT,IL16568,050,IL16568-050
LTM001,PRA01_822_L,SA505,TCATCGAG,SA703,ACGCTACT,IL16568,051,IL16568-051
LTM001,WHM12_822_L,SA505,TCATCGAG,SA704,ACTCACTG,IL16568,052,IL16568-052
LTM001,PRM01_123_L,SA505,TCATCGAG,SA705,TGAGTACG,IL16568,053,IL16568-053
LTM001,WHB01_123_L,SA505,TCATCGAG,SA706,CTGCGTAG,IL16568,054,IL16568-054
LTM001,PRM06_523_L,SA505,TCATCGAG,SA707,TAGTCTCC,IL16568,055,IL16568-055
LTM001,WHA02_523_L,SA505,TCATCGAG,SA708,CGAGCGAC,IL16568,056,IL16568-056
LTM001,PRM15_322_B,SA505,TCATCGAG,SA709,ACTACGAC,IL16568,057,IL16568-057
LTM001,PRB01_822_B,SA505,TCATCGAG,SA710,GTCTGCTA,IL16568,058,IL16568-058
LTM001,WHM03_822_B,SA505,TCATCGAG,SA711,GTCTATGA,IL16568,059,IL16568-059
LTM001,PRM01_123_B,SA505,TCATCGAG,SA712,TATAGCGA,IL16568,060,IL16568-060
LTM001,PRM15_322_L,SA506,CGTGAGTG,SA701,CGAGAGTT,IL16568,061,IL16568-061
LTM001,WHM10_322_L,SA506,CGTGAGTG,SA702,GACATAGT,IL16568,062,IL16568-062
LTM001,PRM19_822_L,SA506,CGTGAGTG,SA703,ACGCTACT,IL16568,063,IL16568-063
LTM001,TLM01_123_L,SA506,CGTGAGTG,SA704,ACTCACTG,IL16568,064,IL16568-064
LTM001,PRB01_123_L,SA506,CGTGAGTG,SA705,TGAGTACG,IL16568,065,IL16568-065
LTM001,WHM03_123_L,SA506,CGTGAGTG,SA706,CTGCGTAG,IL16568,066,IL16568-066
LTM001,PRM11_523_L,SA506,CGTGAGTG,SA707,TAGTCTCC,IL16568,067,IL16568-067
LTM001,WHM07_523_L,SA506,CGTGAGTG,SA708,CGAGCGAC,IL16568,068,IL16568-068
LTM001,PRA01_322_B,SA506,CGTGAGTG,SA709,ACTACGAC,IL16568,069,IL16568-069
LTM001,PRM06_822_B,SA506,CGTGAGTG,SA710,GTCTGCTA,IL16568,070,IL16568-070
LTM001,TLM01_123_B,SA506,CGTGAGTG,SA711,GTCTATGA,IL16568,071,IL16568-071
LTM001,PRB01_123_B,SA506,CGTGAGTG,SA712,TATAGCGA,IL16568,072,IL16568-072
LTM001,PRA01_322_L,SA507,GGATATCT,SA701,CGAGAGTT,IL16568,073,IL16568-073
LTM001,WHM12_322_L,SA507,GGATATCT,SA702,GACATAGT,IL16568,074,IL16568-074
LTM001,WHM01_822_L,SA507,GGATATCT,SA703,ACGCTACT,IL16568,075,IL16568-075
LTM001,TLC01_123_L,SA507,GGATATCT,SA704,ACTCACTG,IL16568,076,IL16568-076
LTM001,PRM06_123_L,SA507,GGATATCT,SA705,TGAGTACG,IL16568,077,IL16568-077
LTM001,WHA02_123_L,SA507,GGATATCT,SA706,CTGCGTAG,IL16568,078,IL16568-078
LTM001,PRM15_523_L,SA507,GGATATCT,SA707,TAGTCTCC,IL16568,079,IL16568-079
LTM001,WHM10_523_L,SA507,GGATATCT,SA708,CGAGCGAC,IL16568,080,IL16568-080
LTM001,PRM19_322_B,SA507,GGATATCT,SA709,ACTACGAC,IL16568,081,IL16568-081
LTM001,PRM11_822_B,SA507,GGATATCT,SA710,GTCTGCTA,IL16568,082,IL16568-082
LTM001,TLC01_123_B,SA507,GGATATCT,SA711,GTCTATGA,IL16568,083,IL16568-083
LTM001,PRM06_123_B,SA507,GGATATCT,SA712,TATAGCGA,IL16568,084,IL16568-084
LTM001,PRM19_322_L,SA508,GACACCGT,SA701,CGAGAGTT,IL16568,085,IL16568-085
LTM001,PRM01_822_L,SA508,GACACCGT,SA702,GACATAGT,IL16568,086,IL16568-086
LTM001,WHB01_822_L,SA508,GACACCGT,SA703,ACGCTACT,IL16568,087,IL16568-087
LTM001,TLM06_123_L,SA508,GACACCGT,SA704,ACTCACTG,IL16568,088,IL16568-088
LTM001,PRM11_123_L,SA508,GACACCGT,SA705,TGAGTACG,IL16568,089,IL16568-089
LTM001,WHM07_123_L,SA508,GACACCGT,SA706,CTGCGTAG,IL16568,090,IL16568-090
LTM001,PRA01_523_L,SA508,GACACCGT,SA707,TAGTCTCC,IL16568,091,IL16568-091
LTM001,WHM12_523_L,SA508,GACACCGT,SA708,CGAGCGAC,IL16568,092,IL16568-092
LTM001,WHM01_322_B,SA508,GACACCGT,SA709,ACTACGAC,IL16568,093,IL16568-093
LTM001,PRM15_822_B,SA508,GACACCGT,SA710,GTCTGCTA,IL16568,094,IL16568-094
LTM001,TLM06_123_B,SA508,GACACCGT,SA711,GTCTATGA,IL16568,095,IL16568-095
LTM001,PRM11_123_B,SA508,GACACCGT,SA712,TATAGCGA,IL16568,096,IL16568-096
LTM001,neg_2,SB501,CTACTATA,SB701,CTCGACTT,IL16568,097,IL16568-097
LTM001,PRM06_523_B,SB501,CTACTATA,SB702,CGAAGTAT,IL16568,098,IL16568-098
LTM001,PRM01_322_S,SB501,CTACTATA,SB703,TAGCAGCT,IL16568,099,IL16568-099
LTM001,WHB01_322_S,SB501,CTACTATA,SB704,TCTCTATG,IL16568,100,IL16568-100
LTM001,PRM06_822_S,SB501,CTACTATA,SB705,GATCTACG,IL16568,101,IL16568-101
LTM001,WHM03_822_S,SB501,CTACTATA,SB706,GTAACGAG,IL16568,102,IL16568-102
LTM001,TLM10_123_S,SB501,CTACTATA,SB707,ACGTGCGC,IL16568,103,IL16568-103
LTM001,PRM15_123_S,SB501,CTACTATA,SB708,ATAGTACC,IL16568,104,IL16568-104
LTM001,WHM10_123_S,SB501,CTACTATA,SB709,GCGTATAC,IL16568,105,IL16568-105
LTM001,PRM19_523_S,SB501,CTACTATA,SB710,TGCTCGTA,IL16568,106,IL16568-106
LTM001,PRM15_123_B,SB502,CGTTACTA,SB701,CTCGACTT,IL16568,107,IL16568-107
LTM001,PRM11_523_B,SB502,CGTTACTA,SB702,CGAAGTAT,IL16568,108,IL16568-108
LTM001,PRB01_322_S,SB502,CGTTACTA,SB703,TAGCAGCT,IL16568,109,IL16568-109
LTM001,WHM03_322_S,SB502,CGTTACTA,SB704,TCTCTATG,IL16568,110,IL16568-110
LTM001,PRM09_822_S,SB502,CGTTACTA,SB705,GATCTACG,IL16568,111,IL16568-111
LTM001,WHA02_822_S,SB502,CGTTACTA,SB706,GTAACGAG,IL16568,112,IL16568-112
LTM001,TLA01_123_S,SB502,CGTTACTA,SB707,ACGTGCGC,IL16568,113,IL16568-113
LTM001,PRA01_123_S,SB502,CGTTACTA,SB708,ATAGTACC,IL16568,114,IL16568-114
LTM001,WHM12_123_S,SB502,CGTTACTA,SB709,GCGTATAC,IL16568,115,IL16568-115
LTM001,WHM01_523_S,SB502,CGTTACTA,SB710,TGCTCGTA,IL16568,116,IL16568-116
LTM001,PRA01_123_B,SB503,AGAGTCAC,SB701,CTCGACTT,IL16568,117,IL16568-117
LTM001,PRM15_523_B,SB503,AGAGTCAC,SB702,CGAAGTAT,IL16568,118,IL16568-118
LTM001,PRM06_322_S,SB503,AGAGTCAC,SB703,TAGCAGCT,IL16568,119,IL16568-119
LTM001,WHA02_322_S,SB503,AGAGTCAC,SB704,TCTCTATG,IL16568,120,IL16568-120
LTM001,PRM11_822_S,SB503,AGAGTCAC,SB705,GATCTACG,IL16568,121,IL16568-121
LTM001,WHM07_822_S,SB503,AGAGTCAC,SB706,GTAACGAG,IL16568,122,IL16568-122
LTM001,TLM16_123_S,SB503,AGAGTCAC,SB707,ACGTGCGC,IL16568,123,IL16568-123
LTM001,PRM19_123_S,SB503,AGAGTCAC,SB708,ATAGTACC,IL16568,124,IL16568-124
LTM001,PRM01_523_S,SB503,AGAGTCAC,SB709,GCGTATAC,IL16568,125,IL16568-125
LTM001,WHB01_523_S,SB503,AGAGTCAC,SB710,TGCTCGTA,IL16568,126,IL16568-126
LTM001,PRM19_123_B,SB504,TACGAGAC,SB701,CTCGACTT,IL16568,127,IL16568-127
LTM001,PRA01_523_B,SB504,TACGAGAC,SB702,CGAAGTAT,IL16568,128,IL16568-128
LTM001,PRM11_322_S,SB504,TACGAGAC,SB703,TAGCAGCT,IL16568,129,IL16568-129
LTM001,WHM07_322_S,SB504,TACGAGAC,SB704,TCTCTATG,IL16568,130,IL16568-130
LTM001,PRM15_822_S,SB504,TACGAGAC,SB705,GATCTACG,IL16568,131,IL16568-131
LTM001,WHM10_822_S,SB504,TACGAGAC,SB706,GTAACGAG,IL16568,132,IL16568-132
LTM001,TLM19_123_S,SB504,TACGAGAC,SB707,ACGTGCGC,IL16568,133,IL16568-133
LTM001,WHM01_123_S,SB504,TACGAGAC,SB708,ATAGTACC,IL16568,134,IL16568-134
LTM001,PRB01_523_S,SB504,TACGAGAC,SB709,GCGTATAC,IL16568,135,IL16568-135
LTM001,WHM03_523_S,SB504,TACGAGAC,SB710,TGCTCGTA,IL16568,136,IL16568-136
LTM001,WHM01_123_B,SB505,ACGTCTCG,SB701,CTCGACTT,IL16568,137,IL16568-137
LTM001,PRM19_523_B,SB505,ACGTCTCG,SB702,CGAAGTAT,IL16568,138,IL16568-138
LTM001,PRM15_322_S,SB505,ACGTCTCG,SB703,TAGCAGCT,IL16568,139,IL16568-139
LTM001,WHM10_322_S,SB505,ACGTCTCG,SB704,TCTCTATG,IL16568,140,IL16568-140
LTM001,PRA01_822_S,SB505,ACGTCTCG,SB705,GATCTACG,IL16568,141,IL16568-141
LTM001,WHM12_822_S,SB505,ACGTCTCG,SB706,GTAACGAG,IL16568,142,IL16568-142
LTM001,PRM01_123_S,SB505,ACGTCTCG,SB707,ACGTGCGC,IL16568,143,IL16568-143
LTM001,WHB01_123_S,SB505,ACGTCTCG,SB708,ATAGTACC,IL16568,144,IL16568-144
LTM001,PRM06_523_S,SB505,ACGTCTCG,SB709,GCGTATAC,IL16568,145,IL16568-145
LTM001,WHA02_523_S,SB505,ACGTCTCG,SB710,TGCTCGTA,IL16568,146,IL16568-146
LTM001,WHM03_123_B,SB506,TCGACGAG,SB701,CTCGACTT,IL16568,147,IL16568-147
LTM001,WHB01_523_B,SB506,TCGACGAG,SB702,CGAAGTAT,IL16568,148,IL16568-148
LTM001,PRA01_322_S,SB506,TCGACGAG,SB703,TAGCAGCT,IL16568,149,IL16568-149
LTM001,WHM12_322_S,SB506,TCGACGAG,SB704,TCTCTATG,IL16568,150,IL16568-150
LTM001,PRM19_822_S,SB506,TCGACGAG,SB705,GATCTACG,IL16568,151,IL16568-151
LTM001,TLM01_123_S,SB506,TCGACGAG,SB706,GTAACGAG,IL16568,152,IL16568-152
LTM001,PRB01_123_S,SB506,TCGACGAG,SB707,ACGTGCGC,IL16568,153,IL16568-153
LTM001,WHM03_123_S,SB506,TCGACGAG,SB708,ATAGTACC,IL16568,154,IL16568-154
LTM001,PRM11_523_S,SB506,TCGACGAG,SB709,GCGTATAC,IL16568,155,IL16568-155
LTM001,WHM07_523_S,SB506,TCGACGAG,SB710,TGCTCGTA,IL16568,156,IL16568-156
LTM001,PRM01_523_B,SB507,GATCGTGT,SB701,CTCGACTT,IL16568,157,IL16568-157
LTM001,WHM03_523_B,SB507,GATCGTGT,SB702,CGAAGTAT,IL16568,158,IL16568-158
LTM001,PRM19_322_S,SB507,GATCGTGT,SB703,TAGCAGCT,IL16568,159,IL16568-159
LTM001,PRM01_822_S,SB507,GATCGTGT,SB704,TCTCTATG,IL16568,160,IL16568-160
LTM001,WHM01_822_S,SB507,GATCGTGT,SB705,GATCTACG,IL16568,161,IL16568-161
LTM001,TLC01_123_S,SB507,GATCGTGT,SB706,GTAACGAG,IL16568,162,IL16568-162
LTM001,PRM06_123_S,SB507,GATCGTGT,SB707,ACGTGCGC,IL16568,163,IL16568-163
LTM001,WHA02_123_S,SB507,GATCGTGT,SB708,ATAGTACC,IL16568,164,IL16568-164
LTM001,PRM15_523_S,SB507,GATCGTGT,SB709,GCGTATAC,IL16568,165,IL16568-165
LTM001,WHM10_523_S,SB507,GATCGTGT,SB710,TGCTCGTA,IL16568,166,IL16568-166
LTM001,PRB01_523_B,SB508,GTCAGATA,SB701,CTCGACTT,IL16568,167,IL16568-167
LTM001,WHM07_523_B,SB508,GTCAGATA,SB702,CGAAGTAT,IL16568,168,IL16568-168
LTM001,WHM01_322_S,SB508,GTCAGATA,SB703,TAGCAGCT,IL16568,169,IL16568-169
LTM001,PRB01_822_S,SB508,GTCAGATA,SB704,TCTCTATG,IL16568,170,IL16568-170
LTM001,WHB01_822_S,SB508,GTCAGATA,SB705,GATCTACG,IL16568,171,IL16568-171
LTM001,TLM06_123_S,SB508,GTCAGATA,SB706,GTAACGAG,IL16568,172,IL16568-172
LTM001,PRM11_123_S,SB508,GTCAGATA,SB707,ACGTGCGC,IL16568,173,IL16568-173
LTM001,WHM07_123_S,SB508,GTCAGATA,SB708,ATAGTACC,IL16568,174,IL16568-174
LTM001,PRA01_523_S,SB508,GTCAGATA,SB709,GCGTATAC,IL16568,175,IL16568-175
LTM001,WHM12_523_S,SB508,GTCAGATA,SB710,TGCTCGTA,IL16568,176,IL16568-176
LTM002,neg_1,SA501,ATCGTACG,SA701,CGAGAGTT,IL16569,001,IL16569-001
LTM002,PRM01_723_L,SA501,ATCGTACG,SA702,GACATAGT,IL16569,002,IL16569-002
LTM002,WHB01_823_L,SA501,ATCGTACG,SA703,ACGCTACT,IL16569,003,IL16569-003
LTM002,TLM06_823_L,SA501,ATCGTACG,SA704,ACTCACTG,IL16569,004,IL16569-004
LTM002,WHA02_124_L,SA501,ATCGTACG,SA705,TGAGTACG,IL16569,005,IL16569-005
LTM002,TLA01_124_L,SA501,ATCGTACG,SA706,CTGCGTAG,IL16569,006,IL16569-006
LTM002,PRA01_224_L,SA501,ATCGTACG,SA707,TAGTCTCC,IL16569,007,IL16569-007
LTM002,PRM01_723_B,SA501,ATCGTACG,SA708,CGAGCGAC,IL16569,008,IL16569-008
LTM002,WHB01_823_B,SA501,ATCGTACG,SA709,ACTACGAC,IL16569,009,IL16569-009
LTM002,WHM03_124_B,SA501,ATCGTACG,SA710,GTCTGCTA,IL16569,010,IL16569-010
LTM002,PRM01_224_B,SA501,ATCGTACG,SA711,GTCTATGA,IL16569,011,IL16569-011
LTM002,TLC01_523_S,SA501,ATCGTACG,SA712,TATAGCGA,IL16569,012,IL16569-012
LTM002,TLM01_523_L,SA502,ACTATCTG,SA701,CGAGAGTT,IL16569,013,IL16569-013
LTM002,PRM06_723_L,SA502,ACTATCTG,SA702,GACATAGT,IL16569,014,IL16569-014
LTM002,WHM03_823_L,SA502,ACTATCTG,SA703,ACGCTACT,IL16569,015,IL16569-015
LTM002,TLM10_823_L,SA502,ACTATCTG,SA704,ACTCACTG,IL16569,016,IL16569-016
LTM002,WHM07_124_L,SA502,ACTATCTG,SA705,TGAGTACG,IL16569,017,IL16569-017
LTM002,TLM16_124_L,SA502,ACTATCTG,SA706,CTGCGTAG,IL16569,018,IL16569-018
LTM002,PRM19_224_L,SA502,ACTATCTG,SA707,TAGTCTCC,IL16569,019,IL16569-019
LTM002,PRM06_723_B,SA502,ACTATCTG,SA708,CGAGCGAC,IL16569,020,IL16569-020
LTM002,WHM03_823_B,SA502,ACTATCTG,SA709,ACTACGAC,IL16569,021,IL16569-021
LTM002,TLM01_124_B,SA502,ACTATCTG,SA710,GTCTGCTA,IL16569,022,IL16569-022
LTM002,PRM06_224_B,SA502,ACTATCTG,SA711,GTCTATGA,IL16569,023,IL16569-023
LTM002,TLM06_523_S,SA502,ACTATCTG,SA712,TATAGCGA,IL16569,024,IL16569-024
LTM002,TLC01_523_L,SA503,TAGCGAGT,SA701,CGAGAGTT,IL16569,025,IL16569-025
LTM002,PRB01_723_L,SA503,TAGCGAGT,SA702,GACATAGT,IL16569,026,IL16569-026
LTM002,WHA02_823_L,SA503,TAGCGAGT,SA703,ACGCTACT,IL16569,027,IL16569-027
LTM002,TLA01_823_L,SA503,TAGCGAGT,SA704,ACTCACTG,IL16569,028,IL16569-028
LTM002,WHM10_124_L,SA503,TAGCGAGT,SA705,TGAGTACG,IL16569,029,IL16569-029
LTM002,TLM19_124_L,SA503,TAGCGAGT,SA706,CTGCGTAG,IL16569,030,IL16569-030
LTM002,TLM01_523_B,SA503,TAGCGAGT,SA707,TAGTCTCC,IL16569,031,IL16569-031
LTM002,PRB01_723_B,SA503,TAGCGAGT,SA708,CGAGCGAC,IL16569,032,IL16569-032
LTM002,TLM01_823_B,SA503,TAGCGAGT,SA709,ACTACGAC,IL16569,033,IL16569-033
LTM002,TLC01_124_B,SA503,TAGCGAGT,SA710,GTCTGCTA,IL16569,034,IL16569-034
LTM002,PRB01_224_B,SA503,TAGCGAGT,SA711,GTCTATGA,IL16569,035,IL16569-035
LTM002,TLM10_523_S,SA503,TAGCGAGT,SA712,TATAGCGA,IL16569,036,IL16569-036
LTM002,TLM06_523_L,SA504,CTGCGTGT,SA701,CGAGAGTT,IL16569,037,IL16569-037
LTM002,PRM11_723_L,SA504,CTGCGTGT,SA702,GACATAGT,IL16569,038,IL16569-038
LTM002,WHM07_823_L,SA504,CTGCGTGT,SA703,ACGCTACT,IL16569,039,IL16569-039
LTM002,TLM16_823_L,SA504,CTGCGTGT,SA704,ACTCACTG,IL16569,040,IL16569-040
LTM002,WHM12_124_L,SA504,CTGCGTGT,SA705,TGAGTACG,IL16569,041,IL16569-041
LTM002,PRM01_224_L,SA504,CTGCGTGT,SA706,CTGCGTAG,IL16569,042,IL16569-042
LTM002,TLC01_523_B,SA504,CTGCGTGT,SA707,TAGTCTCC,IL16569,043,IL16569-043
LTM002,PRM11_723_B,SA504,CTGCGTGT,SA708,CGAGCGAC,IL16569,044,IL16569-044
LTM002,TLC01_823_B,SA504,CTGCGTGT,SA709,ACTACGAC,IL16569,045,IL16569-045
LTM002,TLM06_124_B,SA504,CTGCGTGT,SA710,GTCTGCTA,IL16569,046,IL16569-046
LTM002,PRM11_224_B,SA504,CTGCGTGT,SA711,GTCTATGA,IL16569,047,IL16569-047
LTM002,TLA01_523_S,SA504,CTGCGTGT,SA712,TATAGCGA,IL16569,048,IL16569-048
LTM002,TLM10_523_L,SA505,TCATCGAG,SA701,CGAGAGTT,IL16569,049,IL16569-049
LTM002,PRM15_723_L,SA505,TCATCGAG,SA702,GACATAGT,IL16569,050,IL16569-050
LTM002,WHM10_823_L,SA505,TCATCGAG,SA703,ACGCTACT,IL16569,051,IL16569-051
LTM002,TLM19_823_L,SA505,TCATCGAG,SA704,ACTCACTG,IL16569,052,IL16569-052
LTM002,TLM01_124_L,SA505,TCATCGAG,SA705,TGAGTACG,IL16569,053,IL16569-053
LTM002,PRM06_224_L,SA505,TCATCGAG,SA706,CTGCGTAG,IL16569,054,IL16569-054
LTM002,TLM06_523_B,SA505,TCATCGAG,SA707,TAGTCTCC,IL16569,055,IL16569-055
LTM002,PRM15_723_B,SA505,TCATCGAG,SA708,CGAGCGAC,IL16569,056,IL16569-056
LTM002,TLM06_823_B,SA505,TCATCGAG,SA709,ACTACGAC,IL16569,057,IL16569-057
LTM002,TLM10_124_B,SA505,TCATCGAG,SA710,GTCTGCTA,IL16569,058,IL16569-058
LTM002,PRM15_224_B,SA505,TCATCGAG,SA711,GTCTATGA,IL16569,059,IL16569-059
LTM002,TLM16_523_S,SA505,TCATCGAG,SA712,TATAGCGA,IL16569,060,IL16569-060
LTM002,TLA01_523_L,SA506,CGTGAGTG,SA701,CGAGAGTT,IL16569,061,IL16569-061
LTM002,PRA01_723_L,SA506,CGTGAGTG,SA702,GACATAGT,IL16569,062,IL16569-062
LTM002,WHM12_823_L,SA506,CGTGAGTG,SA703,ACGCTACT,IL16569,063,IL16569-063
LTM002,WHM01_124_L,SA506,CGTGAGTG,SA704,ACTCACTG,IL16569,064,IL16569-064
LTM002,TLC01_124_L,SA506,CGTGAGTG,SA705,TGAGTACG,IL16569,065,IL16569-065
LTM002,PRB01_224_L,SA506,CGTGAGTG,SA706,CTGCGTAG,IL16569,066,IL16569-066
LTM002,TLM10_523_B,SA506,CGTGAGTG,SA707,TAGTCTCC,IL16569,067,IL16569-067
LTM002,PRA01_723_B,SA506,CGTGAGTG,SA708,CGAGCGAC,IL16569,068,IL16569-068
LTM002,TLM10_823_B,SA506,CGTGAGTG,SA709,ACTACGAC,IL16569,069,IL16569-069
LTM002,TLA01_124_B,SA506,CGTGAGTG,SA710,GTCTGCTA,IL16569,070,IL16569-070
LTM002,PRA01_224_B,SA506,CGTGAGTG,SA711,GTCTATGA,IL16569,071,IL16569-071
LTM002,TLM19_523_S,SA506,CGTGAGTG,SA712,TATAGCGA,IL16569,072,IL16569-072
LTM002,TLM16_523_L,SA507,GGATATCT,SA701,CGAGAGTT,IL16569,073,IL16569-073
LTM002,PRM19_723_L,SA507,GGATATCT,SA702,GACATAGT,IL16569,074,IL16569-074
LTM002,TLM01_823_L,SA507,GGATATCT,SA703,ACGCTACT,IL16569,075,IL16569-075
LTM002,WHB01_124_L,SA507,GGATATCT,SA704,ACTCACTG,IL16569,076,IL16569-076
LTM002,TLM06_124_L,SA507,GGATATCT,SA705,TGAGTACG,IL16569,077,IL16569-077
LTM002,PRM11_224_L,SA507,GGATATCT,SA706,CTGCGTAG,IL16569,078,IL16569-078
LTM002,TLA01_523_B,SA507,GGATATCT,SA707,TAGTCTCC,IL16569,079,IL16569-079
LTM002,PRM19_723_B,SA507,GGATATCT,SA708,CGAGCGAC,IL16569,080,IL16569-080
LTM002,TLA01_823_B,SA507,GGATATCT,SA709,ACTACGAC,IL16569,081,IL16569-081
LTM002,TLM16_124_B,SA507,GGATATCT,SA710,GTCTGCTA,IL16569,082,IL16569-082
LTM002,PRM19_224_B,SA507,GGATATCT,SA711,GTCTATGA,IL16569,083,IL16569-083
LTM002,PRM01_723_S,SA507,GGATATCT,SA712,TATAGCGA,IL16569,084,IL16569-084
LTM002,TLM19_523_L,SA508,GACACCGT,SA701,CGAGAGTT,IL16569,085,IL16569-085
LTM002,WHM01_823_L,SA508,GACACCGT,SA702,GACATAGT,IL16569,086,IL16569-086
LTM002,TLC01_823_L,SA508,GACACCGT,SA703,ACGCTACT,IL16569,087,IL16569-087
LTM002,WHM03_124_L,SA508,GACACCGT,SA704,ACTCACTG,IL16569,088,IL16569-088
LTM002,TLM10_124_L,SA508,GACACCGT,SA705,TGAGTACG,IL16569,089,IL16569-089
LTM002,PRM15_224_L,SA508,GACACCGT,SA706,CTGCGTAG,IL16569,090,IL16569-090
LTM002,TLM19_523_B,SA508,GACACCGT,SA707,TAGTCTCC,IL16569,091,IL16569-091
LTM002,WHM01_823_B,SA508,GACACCGT,SA708,CGAGCGAC,IL16569,092,IL16569-092
LTM002,TLM19_823_B,SA508,GACACCGT,SA709,ACTACGAC,IL16569,093,IL16569-093
LTM002,TLM19_124_B,SA508,GACACCGT,SA710,GTCTGCTA,IL16569,094,IL16569-094
LTM002,TLM01_523_S,SA508,GACACCGT,SA711,GTCTATGA,IL16569,095,IL16569-095
LTM002,PRM06_723_S,SA508,GACACCGT,SA712,TATAGCGA,IL16569,096,IL16569-096
LTM002,neg_2,SB501,CTACTATA,SB701,CTCGACTT,IL16569,097,IL16569-097
LTM002,WHM03_823_S,SB501,CTACTATA,SB702,CGAAGTAT,IL16569,098,IL16569-098
LTM002,TLM10_823_S,SB501,CTACTATA,SB703,TAGCAGCT,IL16569,099,IL16569-099
LTM002,WHM07_124_S,SB501,CTACTATA,SB704,TCTCTATG,IL16569,100,IL16569-100
LTM002,TLM16_124_S,SB501,CTACTATA,SB705,GATCTACG,IL16569,101,IL16569-101
LTM002,PRM19_224_S,SB501,CTACTATA,SB706,GTAACGAG,IL16569,102,IL16569-102
LTM002,PRB01_723_S,SB502,CGTTACTA,SB701,CTCGACTT,IL16569,107,IL16569-107
LTM002,WHA02_823_S,SB502,CGTTACTA,SB702,CGAAGTAT,IL16569,108,IL16569-108
LTM002,TLA01_823_S,SB502,CGTTACTA,SB703,TAGCAGCT,IL16569,109,IL16569-109
LTM002,WHM10_124_S,SB502,CGTTACTA,SB704,TCTCTATG,IL16569,110,IL16569-110
LTM002,TLM19_124_S,SB502,CGTTACTA,SB705,GATCTACG,IL16569,111,IL16569-111
LTM002,WHA02_823_bolete,SB502,CGTTACTA,SB706,GTAACGAG,IL16569,112,IL16569-112
LTM002,PRM11_723_S,SB503,AGAGTCAC,SB701,CTCGACTT,IL16569,117,IL16569-117
LTM002,WHM07_823_S,SB503,AGAGTCAC,SB702,CGAAGTAT,IL16569,118,IL16569-118
LTM002,TLM16_823_S,SB503,AGAGTCAC,SB703,TAGCAGCT,IL16569,119,IL16569-119
LTM002,WHM12_124_S,SB503,AGAGTCAC,SB704,TCTCTATG,IL16569,120,IL16569-120
LTM002,PRM01_224_S,SB503,AGAGTCAC,SB705,GATCTACG,IL16569,121,IL16569-121
LTM002,WHA02_823_marasm,SB503,AGAGTCAC,SB706,GTAACGAG,IL16569,122,IL16569-122
LTM002,PRM15_723_S,SB504,TACGAGAC,SB701,CTCGACTT,IL16569,127,IL16569-127
LTM002,WHM10_823_S,SB504,TACGAGAC,SB702,CGAAGTAT,IL16569,128,IL16569-128
LTM002,TLM19_823_S,SB504,TACGAGAC,SB703,TAGCAGCT,IL16569,129,IL16569-129
LTM002,TLM01_124_S,SB504,TACGAGAC,SB704,TCTCTATG,IL16569,130,IL16569-130
LTM002,PRM06_224_S,SB504,TACGAGAC,SB705,GATCTACG,IL16569,131,IL16569-131
LTM002,PRA01_723_S,SB505,ACGTCTCG,SB701,CTCGACTT,IL16569,137,IL16569-137
LTM002,WHM12_823_S,SB505,ACGTCTCG,SB702,CGAAGTAT,IL16569,138,IL16569-138
LTM002,WHM01_124_S,SB505,ACGTCTCG,SB703,TAGCAGCT,IL16569,139,IL16569-139
LTM002,TLC01_124_S,SB505,ACGTCTCG,SB704,TCTCTATG,IL16569,140,IL16569-140
LTM002,PRB01_224_S,SB505,ACGTCTCG,SB705,GATCTACG,IL16569,141,IL16569-141
LTM002,PRM19_723_S,SB506,TCGACGAG,SB701,CTCGACTT,IL16569,146,IL16569-146
LTM002,TLM01_823_S,SB506,TCGACGAG,SB702,CGAAGTAT,IL16569,147,IL16569-147
LTM002,WHB01_124_S,SB506,TCGACGAG,SB703,TAGCAGCT,IL16569,148,IL16569-148
LTM002,TLM06_124_S,SB506,TCGACGAG,SB704,TCTCTATG,IL16569,149,IL16569-149
LTM002,PRM11_224_S,SB506,TCGACGAG,SB705,GATCTACG,IL16569,150,IL16569-150
LTM002,WHM01_823_S,SB507,GATCGTGT,SB701,CTCGACTT,IL16569,155,IL16569-155
LTM002,TLC01_823_S,SB507,GATCGTGT,SB702,CGAAGTAT,IL16569,156,IL16569-156
LTM002,WHM03_124_S,SB507,GATCGTGT,SB703,TAGCAGCT,IL16569,157,IL16569-157
LTM002,TLM10_124_S,SB507,GATCGTGT,SB704,TCTCTATG,IL16569,158,IL16569-158
LTM002,PRM15_224_S,SB507,GATCGTGT,SB705,GATCTACG,IL16569,159,IL16569-159
LTM002,WHB01_823_S,SB508,GTCAGATA,SB701,CTCGACTT,IL16569,164,IL16569-164
LTM002,TLM06_823_S,SB508,GTCAGATA,SB702,CGAAGTAT,IL16569,165,IL16569-165
LTM002,WHA02_124_S,SB508,GTCAGATA,SB703,TAGCAGCT,IL16569,166,IL16569-166
LTM002,TLA01_124_S,SB508,GTCAGATA,SB704,TCTCTATG,IL16569,167,IL16569-167
LTM002,PRA01_224_S,SB508,GTCAGATA,SB705,GATCTACG,IL16569,168,IL16569-168